desc,time
Da1a2a4|aD1a2a3|aD2a2a4|aD4a3a4|1|0|1,1
Aa1a3a5|aA1a2a4|aA3a2a3|aA5a3a4|1|0|1,1
Aa10a5a9|aA10a2a4|aA5a3a4|aA9a2a3|-1|0|1,1
Aa1a3a3|aA1a2a3|aA3a2a4|aA3a3a4|1|0|1,1
Aa3a6a6|aA3a3a4|aA6a2a3|aA6a2a4|-1|0|1,1
Aa2a3a3|aA2a2a4|aA3a2a3|aA3a3a4|1|0|1,1
Ha0a2a4|aH0a2a4|aH2a2a3|aH4a3a4|0|0|1,1
Ha0a2a3|aH0a2a3|aH2a2a4|aH3a3a4|0|0|1,1
Ha0a3a4|aH0a3a4|aH3a2a3|aH4a2a4|0|0|1,1
Ha2a6a7|aH2a3a4|aH6a2a3|aH7a2a4|1|0|1,1
Ha4a4a5|aH4a2a4|aH4a3a4|aH5a2a3|-1|0|1,1
AD4a1a3|DA4a1a2|aA1D2a2|aA3D1a2|1|0|1,1
AD10a10a9|DA10a1a2|aA10D2a2|aA9D1a2|-1|0|1,1
AD1a1a3|DA1a1a2|aA1D1a2|aA3D2a2|-1|0|1,1
AD7a6a6|DA7a1a2|aA6D1a2|aA6D2a2|1|0|1,1
AD4a2a3|DA4a1a2|aA2D2a2|aA3D1a2|1|0|1,1
DH2a1a2|HD2a0a2|aD1H2a2|aD2H0a2|0|0|1,1
DH1a1a2|HD1a0a2|aD1H0a2|aD2H2a2|0|0|1,1
DH4a1a2|HD4a3a4|aD1H3a2|aD2H4a2|1|0|1,1
DH6a1a2|HD6a6a7|aD1H6a2|aD2H7a2|1|0|1,1
DH6a1a2|HD6a4a5|aD1H5a2|aD2H4a2|1|0|1,1
AA10a10a9|AA10a1a3|aA1A10a2|aA3A9a2|1|0|1,1
AA4a1a3|AA4a1a3|aA1A3a2|aA1A3a2|-9|0|1,1
AA6a1a3|AA6a6a6|aA1A6a2|aA3A6a2|-1|0|1,2
AA2a1a3|AA2a2a3|aA1A2a2|aA3A3a2|-1|0|1,1
AH1a1a3|HA1a0a2|aA1H0a2|aA3H2a2|0|0|1,2
AH3a1a3|HA3a0a2|aA1H2a2|aA3H0a2|0|0|1,2
AH5a1a3|HA5a3a4|aA1H4a2|aA3H3a2|1|0|1,1
AH7a1a3|HA7a6a7|aA1H7a2|aA3H6a2|1|0|1,1
AH3a1a3|HA3a4a5|aA1H4a2|aA3H5a2|-1|0|1,1
AA9a10a9|AA9a1a3|aA10A3a2|aA1A9a2|-1|0|1,1
AA4a10a9|AA4a6a6|aA10A6a2|aA6A9a2|-1|0|1,1
AA8a10a9|AA8a2a3|aA10A2a2|aA3A9a2|1|0|1,1
AH10a10a9|HA10a0a2|aA10H0a2|aA9H2a2|0|0|1,1
AH9a10a9|HA9a0a2|aA10H2a2|aA9H0a2|0|0|1,1
AH5a10a9|HA5a3a4|aA10H4a2|aA9H3a2|1|0|1,1
AH5a10a9|HA5a6a7|aA10H7a2|aA9H6a2|1|0|1,1
AH8a10a9|HA8a4a5|aA10H4a2|aA9H5a2|1|0|1,1
AA4a1a3|AA4a2a3|aA1A3a2|aA2A3a2|1|0|1,1
AH3a1a3|HA3a3a4|aA1H3a2|aA3H4a2|1|0|1,1
AH5a1a3|HA5a6a7|aA1H6a2|aA3H7a2|1|0|1,1
AH6a1a3|HA6a4a5|aA1H5a2|aA3H4a2|1|0|1,1
AA4a2a3|AA4a6a6|aA2A6a2|aA3A6a2|-1|0|1,1
AH6a6a6|HA6a0a2|aA6H0a2|aA6H2a2|0|0|1,2
AH3a6a6|HA3a3a4|aA6H3a2|aA6H4a2|-1|0|1,1
AH5a6a6|HA5a6a7|aA6H6a2|aA6H7a2|-1|0|1,1
AH4a6a6|HA4a4a5|aA6H4a2|aA6H5a2|1|0|1,1
AH2a2a3|HA2a0a2|aA2H0a2|aA3H2a2|0|0|1,1
AH3a2a3|HA3a0a2|aA2H2a2|aA3H0a2|0|0|1,1
AH3a2a3|HA3a3a4|aA2H4a2|aA3H3a2|1|0|1,1
AH6a2a3|HA6a6a7|aA2H7a2|aA3H6a2|1|0|1,1
AH1a2a3|HA1a4a5|aA2H4a2|aA3H5a2|1|0|1,1
HH2a0a2|HH2a0a2|aH0H2a2|aH0H2a2|0|0|1,1
HH4a0a2|HH4a3a4|aH0H4a2|aH2H3a2|0|0|1,1
HH7a0a2|HH7a6a7|aH0H7a2|aH2H6a2|0|0|1,1
HH4a0a2|HH4a4a5|aH0H4a2|aH2H5a2|0|0|1,1
HH3a0a2|HH3a3a4|aH0H3a2|aH2H4a2|0|0|1,1
HH6a0a2|HH6a6a7|aH0H6a2|aH2H7a2|0|0|1,1
HH5a0a2|HH5a4a5|aH0H5a2|aH2H4a2|0|0|1,1
HH2a3a4|HH2a6a7|aH3H6a2|aH4H7a2|-1|0|1,1
HH4a3a4|HH4a4a5|aH3H5a2|aH4H4a2|1|0|1,1
HH6a4a5|HH6a6a7|aH4H7a2|aH5H6a2|1|0|1,1
AD4a1a5|DA4a2a4|aA1D2a4|aA5D4a4|1|0|1,1
AD10a10a5|DA10a2a4|aA10D2a4|aA5D4a4|-1|0|1,1
AD1a3a3|DA1a2a4|aA3D2a4|aA3D4a4|-1|0|1,1
AD7a3a6|DA7a2a4|aA3D4a4|aA6D2a4|1|0|1,1
AD4a2a3|DA4a2a4|aA2D2a4|aA3D4a4|-1|0|1,1
DH2a2a4|HD2a0a4|aD2H0a4|aD4H4a4|0|0|1,1
DH1a2a4|HD1a2a3|aD2H2a4|aD4H3a4|1|0|1,1
DH4a2a4|HD4a0a4|aD2H4a4|aD4H0a4|0|0|1,1
DH6a2a4|HD6a2a7|aD2H7a4|aD4H2a4|-1|0|1,1
DH6a2a4|HD6a4a4|aD2H4a4|aD4H4a4|1|0|1,1
AA10a10a5|AA10a1a5|aA1A10a4|aA5A5a4|1|0|1,1
AA4a1a5|AA4a3a3|aA1A3a4|aA3A5a4|-1|0|1,1
AA6a1a5|AA6a3a6|aA1A6a4|aA3A5a4|-1|0|1,1
AA2a1a5|AA2a2a3|aA1A2a4|aA3A5a4|-1|0|1,1
AH1a1a5|HA1a0a4|aA1H0a4|aA5H4a4|0|0|1,1
AH3a1a5|HA3a2a3|aA1H2a4|aA5H3a4|-1|0|1,1
AH5a1a5|HA5a0a4|aA1H4a4|aA5H0a4|0|0|1,1
AH7a1a5|HA7a2a7|aA1H7a4|aA5H2a4|1|0|1,1
AH3a1a5|HA3a4a4|aA1H4a4|aA5H4a4|-1|0|1,1
AA9a10a5|AA9a3a3|aA10A3a4|aA3A5a4|-1|0|1,1
AA4a10a5|AA4a3a6|aA10A6a4|aA3A5a4|-1|0|1,1
AA8a10a5|AA8a2a3|aA10A2a4|aA3A5a4|1|0|1,1
AH10a10a5|HA10a0a4|aA10H0a4|aA5H4a4|0|0|1,1
AH9a10a5|HA9a2a3|aA10H2a4|aA5H3a4|-1|0|1,1
AH5a10a5|HA5a0a4|aA10H4a4|aA5H0a4|0|0|1,1
AH5a10a5|HA5a2a7|aA10H7a4|aA5H2a4|1|0|1,1
AH8a10a5|HA8a4a4|aA10H4a4|aA5H4a4|1|0|1,1
AA6a3a3|AA6a3a6|aA3A3a4|aA3A6a4|-1|0|1,1
AA4a2a3|AA4a3a3|aA2A3a4|aA3A3a4|-1|0|1,1
AH3a3a3|HA3a0a4|aA3H0a4|aA3H4a4|0|0|1,2
AH1a3a3|HA1a2a3|aA3H2a4|aA3H3a4|1|0|1,1
AH5a3a3|HA5a2a7|aA3H2a4|aA3H7a4|1|0|1,1
AH6a3a3|HA6a4a4|aA3H4a4|aA3H4a4|0|0|1,1
AA4a2a3|AA4a3a6|aA2A6a4|aA3A3a4|-1|0|1,1
AH6a3a6|HA6a0a4|aA3H4a4|aA6H0a4|0|0|1,1
AH6a3a6|HA6a2a3|aA3H3a4|aA6H2a4|1|0|1,1
AH3a3a6|HA3a0a4|aA3H0a4|aA6H4a4|0|0|1,1
AH5a3a6|HA5a2a7|aA3H2a4|aA6H7a4|-1|0|1,1
AH4a3a6|HA4a4a4|aA3H4a4|aA6H4a4|-1|0|1,1
AH2a2a3|HA2a0a4|aA2H0a4|aA3H4a4|0|0|1,1
AH3a2a3|HA3a2a3|aA2H2a4|aA3H3a4|-1|0|1,1
AH3a2a3|HA3a0a4|aA2H4a4|aA3H0a4|0|0|1,1
AH6a2a3|HA6a2a7|aA2H7a4|aA3H2a4|1|0|1,1
AH1a2a3|HA1a4a4|aA2H4a4|aA3H4a4|1|0|1,1
HH2a0a4|HH2a2a3|aH0H2a4|aH3H4a4|0|0|1,1
HH4a0a4|HH4a0a4|aH0H4a4|aH0H4a4|0|0|1,1
HH7a0a4|HH7a2a7|aH0H7a4|aH2H4a4|0|0|1,1
HH4a0a4|HH4a4a4|aH0H4a4|aH4H4a4|0|0|1,2
HH3a0a4|HH3a2a3|aH0H3a4|aH2H4a4|0|0|1,1
HH6a2a3|HH6a2a7|aH2H3a4|aH2H7a4|1|0|1,1
HH5a2a3|HH5a4a4|aH2H4a4|aH3H4a4|1|0|1,1
HH2a0a4|HH2a2a7|aH0H2a4|aH4H7a4|0|0|1,1
HH6a2a7|HH6a4a4|aH2H4a4|aH4H7a4|1|0|1,1
AA10D10a10|AA10D4a1|DA10A4a2|aA1A10D2|-1|0|1,1
AA4D1a3|AA4D4a1|DA1A4a2|aA1A3D2|-1|0|1,1
AA6D4a1|AA6D7a6|DA4A7a2|aA1A6D2|1|0|1,1
AA2D4a1|AA2D4a2|DA4A4a2|aA1A2D2|1|0|1,1
AD4H1a1|DA4H2a2|HA1D2a0|aA1D2H0|0|0|1,1
AD4H3a1|DA4H1a2|HA3D1a2|aA1D2H2|-1|0|1,1
AD4H5a1|DA4H4a2|HA5D4a4|aA1D2H4|-1|0|1,1
AD4H7a1|DA4H6a2|HA7D6a7|aA1D2H7|1|0|1,1
AD4H3a1|DA4H6a2|HA3D6a4|aA1D2H4|-1|0|1,1
AA9D10a10|AA9D1a3|DA1A10a2|aA10A3D2|-1|0|1,1
AA4D10a10|AA4D7a6|DA10A7a2|aA10A6D2|1|0|1,1
AA8D10a10|AA8D4a2|DA10A4a2|aA10A2D2|-1|0|1,1
AD10H10a10|DA10H2a2|HA10D2a0|aA10D2H0|0|0|1,1
AD10H9a10|DA10H1a2|HA9D1a2|aA10D2H2|1|0|1,1
AD10H5a10|DA10H4a2|HA5D4a4|aA10D2H4|1|0|1,1
AD10H5a10|DA10H6a2|HA5D6a7|aA10D2H7|1|0|1,1
AD10H8a10|DA10H6a2|HA8D6a4|aA10D2H4|1|0|1,1
AA6D1a3|AA6D7a6|DA1A7a2|aA3A6D2|1|0|1,1
AA4D1a3|AA4D4a2|DA1A4a2|aA2A3D2|-1|0|1,1
AD1H3a3|DA1H2a2|HA3D2a0|aA3D2H0|0|0|1,1
AD1H1a3|DA1H1a2|HA1D1a2|aA3D2H2|-1|0|1,1
AD1H3a3|DA1H4a2|HA3D4a4|aA3D2H4|1|0|1,1
AD1H5a3|DA1H6a2|HA5D6a7|aA3D2H7|1|0|1,1
AD1H6a3|DA1H6a2|HA6D6a4|aA3D2H4|1|0|1,1
AA4D4a2|AA4D7a6|DA4A7a2|aA2A6D2|1|0|1,1
AD7H6a6|DA7H2a2|HA6D2a0|aA6D2H0|0|0|1,1
AD7H6a6|DA7H1a2|HA6D1a2|aA6D2H2|1|0|1,1
AD7H3a6|DA7H4a2|HA3D4a4|aA6D2H4|1|0|1,1
AD7H5a6|DA7H6a2|HA5D6a7|aA6D2H7|1|0|1,1
AD7H4a6|DA7H6a2|HA4D6a4|aA6D2H4|1|0|1,1
AD4H2a2|DA4H2a2|HA2D2a0|aA2D2H0|0|0|1,1
AD4H3a2|DA4H1a2|HA3D1a2|aA2D2H2|-1|0|1,1
AD4H3a2|DA4H4a2|HA3D4a4|aA2D2H4|1|0|1,1
AD4H6a2|DA4H6a2|HA6D6a7|aA2D2H7|1|0|1,1
AD4H1a2|DA4H6a2|HA1D6a4|aA2D2H4|1|0|1,1
DH1H2a2|HD1H2a2|HD2H2a0|aD2H0H2|0|0|1,1
DH2H4a2|HD2H4a0|HD4H4a4|aD2H0H4|0|0|1,1
DH2H6a2|HD2H7a0|HD6H7a7|aD2H0H7|0|0|1,1
DH2H6a2|HD2H4a0|HD6H4a4|aD2H0H4|0|0|1,1
DH1H4a2|HD1H3a2|HD4H3a4|aD2H2H4|-1|0|1,1
DH1H6a2|HD1H6a2|HD6H6a7|aD2H2H7|-1|0|1,1
DH1H6a2|HD1H5a2|HD6H5a4|aD2H2H4|-1|0|1,1
DH4H6a2|HD4H2a4|HD6H2a7|aD2H4H7|-1|0|1,1
DH4H6a2|HD4H4a4|HD6H4a4|aD2H4H4|1|0|1,1
DH6H6a2|HD6H6a4|HD6H6a7|aD2H4H7|-1|0|1,1
AA10A4a1|AA10A9a10|AA4A9a3|aA1A10A3|1|0|1,1
AA10A4a10|AA10A6a1|AA4A6a6|aA1A10A6|1|0|1,1
AA10A2a1|AA10A8a10|AA2A8a2|aA1A10A2|1|0|1,1
AA10H10a10|AA10H1a1|HA1A10a0|aA1A10H0|0|0|1,1
AA10H3a1|AA10H9a10|HA3A9a2|aA1A10H2|1|0|1,1
AA10H5a1|AA10H5a10|HA5A5a4|aA1A10H4|1|0|1,1
AA10H5a10|AA10H7a1|HA5A7a7|aA1A10H7|-1|0|1,1
AA10H3a1|AA10H8a10|HA3A8a4|aA1A10H4|1|0|1,1
AA4A6a1|AA4A6a3|AA6A6a6|aA1A3A6|-1|0|1,1
AA2A4a1|AA2A4a2|AA4A4a3|aA1A2A3|1|0|1,1
AA4H1a1|AA4H3a3|HA1A3a0|aA1A3H0|0|0|1,3
AA4H1a3|AA4H3a1|HA1A3a2|aA1A3H2|1|0|1,2
AA4H3a3|AA4H5a1|HA3A5a4|aA1A3H4|-1|0|1,1
AA4H5a3|AA4H7a1|HA5A7a7|aA1A3H7|-1|0|1,1
AA4H3a1|AA4H6a3|HA3A6a4|aA1A3H4|-1|0|1,1
AA2A4a2|AA2A6a1|AA4A6a6|aA1A2A6|1|0|1,1
AA6H1a1|AA6H6a6|HA1A6a0|aA1A6H0|0|0|1,2
AA6H3a1|AA6H6a6|HA3A6a2|aA1A6H2|1|0|1,2
AA6H3a6|AA6H5a1|HA3A5a4|aA1A6H4|-1|0|1,1
AA6H5a6|AA6H7a1|HA5A7a7|aA1A6H7|-1|0|1,1
AA6H3a1|AA6H4a6|HA3A4a4|aA1A6H4|1|0|1,1
AA2H1a1|AA2H2a2|HA1A2a0|aA1A2H0|0|0|1,1
AA2H3a1|AA2H3a2|HA3A3a2|aA1A2H2|1|0|1,1
AA2H3a2|AA2H5a1|HA3A5a4|aA1A2H4|-1|0|1,1
AA2H6a2|AA2H7a1|HA6A7a7|aA1A2H7|-1|0|1,1
AA2H1a2|AA2H3a1|HA1A3a4|aA1A2H4|-1|0|1,1
AH1H3a1|HA1H2a0|HA3H2a2|aA1H0H2|0|0|1,2
AH1H5a1|HA1H4a0|HA5H4a4|aA1H0H4|0|0|1,1
AH1H7a1|HA1H7a0|HA7H7a7|aA1H0H7|0|0|1,1
AH1H3a1|HA1H4a0|HA3H4a4|aA1H0H4|0|0|1,1
AH3H5a1|HA3H3a2|HA5H3a4|aA1H2H4|1|0|1,1
AH3H7a1|HA3H6a2|HA7H6a7|aA1H2H7|1|0|1,1
AH3H3a1|HA3H5a2|HA3H5a4|aA1H2H4|-1|0|1,1
AH5H7a1|HA5H2a4|HA7H2a7|aA1H4H7|1|0|1,1
AH3H5a1|HA3H4a4|HA5H4a4|aA1H4H4|1|0|1,1
AH3H7a1|HA3H6a4|HA7H6a7|aA1H4H7|1|0|1,1
AA4A6a6|AA4A9a10|AA6A9a3|aA10A3A6|-1|0|1,1
AA4A8a2|AA4A9a3|AA8A9a10|aA10A2A3|-1|0|1,1
AA9H10a10|AA9H3a3|HA10A3a0|aA10A3H0|0|0|1,1
AA9H1a3|AA9H9a10|HA1A9a2|aA10A3H2|-1|0|1,1
AA9H3a3|AA9H5a10|HA3A5a4|aA10A3H4|-1|0|1,1
AA9H5a10|AA9H5a3|HA5A5a7|aA10A3H7|1|0|1,1
AA9H6a3|AA9H8a10|HA6A8a4|aA10A3H4|-1|0|1,1
AA4A4a6|AA4A8a10|AA4A8a2|aA10A2A6|1|0|1,1
AA4H10a10|AA4H6a6|HA10A6a0|aA10A6H0|0|0|1,1
AA4H6a6|AA4H9a10|HA6A9a2|aA10A6H2|-1|0|1,1
AA4H3a6|AA4H5a10|HA3A5a4|aA10A6H4|-1|0|1,1
AA4H5a10|AA4H5a6|HA5A5a7|aA10A6H7|-1|0|1,1
AA4H4a6|AA4H8a10|HA4A8a4|aA10A6H4|1|0|1,1
AA8H10a10|AA8H2a2|HA10A2a0|aA10A2H0|0|0|1,1
AA8H3a2|AA8H9a10|HA3A9a2|aA10A2H2|1|0|1,1
AA8H3a2|AA8H5a10|HA3A5a4|aA10A2H4|1|0|1,1
AA8H5a10|AA8H6a2|HA5A6a7|aA10A2H7|-1|0|1,1
AA8H1a2|AA8H8a10|HA1A8a4|aA10A2H4|-1|0|1,1
AH10H9a10|HA10H2a0|HA9H2a2|aA10H0H2|0|0|1,1
AH10H5a10|HA10H4a0|HA5H4a4|aA10H0H4|0|0|1,1
AH10H5a10|HA10H7a0|HA5H7a7|aA10H0H7|0|0|1,1
AH10H8a10|HA10H4a0|HA8H4a4|aA10H0H4|0|0|1,1
AH5H9a10|HA5H3a4|HA9H3a2|aA10H2H4|-1|0|1,1
AH5H9a10|HA5H6a7|HA9H6a2|aA10H2H7|-1|0|1,1
AH8H9a10|HA8H5a4|HA9H5a2|aA10H2H4|-1|0|1,1
AH5H5a10|HA5H2a4|HA5H2a7|aA10H4H7|1|0|1,1
AH5H8a10|HA5H4a4|HA8H4a4|aA10H4H4|1|0|1,1
AH5H8a10|HA5H6a7|HA8H6a4|aA10H4H7|1|0|1,1
AA4A4a2|AA4A6a3|AA4A6a6|aA2A3A6|-1|0|1,1
AA6H3a3|AA6H6a6|HA3A6a0|aA3A6H0|0|0|1,2
AA6H1a3|AA6H6a6|HA1A6a2|aA3A6H2|-1|0|1,2
AA6H3a3|AA6H3a6|HA3A3a4|aA3A6H4|-1|0|1,1
AA6H5a3|AA6H5a6|HA5A5a7|aA3A6H7|-1|0|1,1
AA6H4a6|AA6H6a3|HA4A6a4|aA3A6H4|1|0|1,1
AA4H2a2|AA4H3a3|HA2A3a0|aA2A3H0|0|0|1,1
AA4H1a3|AA4H3a2|HA1A3a2|aA2A3H2|1|0|1,1
AA4H3a2|AA4H3a3|HA3A3a4|aA2A3H4|1|0|1,1
AA4H5a3|AA4H6a2|HA5A6a7|aA2A3H7|-1|0|1,1
AA4H1a2|AA4H6a3|HA1A6a4|aA2A3H4|1|0|1,1
AH1H3a3|HA1H2a2|HA3H2a0|aA3H0H2|0|0|1,2
AH3H3a3|HA3H4a0|HA3H4a4|aA3H0H4|0|0|1,2
AH3H5a3|HA3H7a0|HA5H7a7|aA3H0H7|0|0|1,1
AH3H6a3|HA3H4a0|HA6H4a4|aA3H0H4|0|0|1,3
AH1H3a3|HA1H3a2|HA3H3a4|aA3H2H4|-1|0|1,1
AH1H5a3|HA1H6a2|HA5H6a7|aA3H2H7|-1|0|1,1
AH1H6a3|HA1H5a2|HA6H5a4|aA3H2H4|-1|0|1,1
AH3H5a3|HA3H2a4|HA5H2a7|aA3H4H7|-1|0|1,1
AH3H6a3|HA3H4a4|HA6H4a4|aA3H4H4|1|0|1,1
AH5H6a3|HA5H6a7|HA6H6a4|aA3H4H7|1|0|1,1
AA4H2a2|AA4H6a6|HA2A6a0|aA2A6H0|0|0|1,1
AA4H3a2|AA4H6a6|HA3A6a2|aA2A6H2|1|0|1,1
AA4H3a2|AA4H3a6|HA3A3a4|aA2A6H4|1|0|1,1
AA4H5a6|AA4H6a2|HA5A6a7|aA2A6H7|-1|0|1,1
AA4H1a2|AA4H4a6|HA1A4a4|aA2A6H4|-1|0|1,1
AH6H6a6|HA6H2a0|HA6H2a2|aA6H0H2|0|0|1,2
AH3H6a6|HA3H4a4|HA6H4a0|aA6H0H4|0|0|1,1
AH5H6a6|HA5H7a7|HA6H7a0|aA6H0H7|0|0|1,1
AH4H6a6|HA4H4a4|HA6H4a0|aA6H0H4|0|0|1,1
AH3H6a6|HA3H3a4|HA6H3a2|aA6H2H4|-1|0|1,1
AH5H6a6|HA5H6a7|HA6H6a2|aA6H2H7|-1|0|1,1
AH4H6a6|HA4H5a4|HA6H5a2|aA6H2H4|-1|0|1,1
AH3H5a6|HA3H2a4|HA5H2a7|aA6H4H7|1|0|1,1
AH3H4a6|HA3H4a4|HA4H4a4|aA6H4H4|1|0|1,1
AH4H5a6|HA4H6a4|HA5H6a7|aA6H4H7|-1|0|1,1
AH2H3a2|HA2H2a0|HA3H2a2|aA2H0H2|0|0|1,1
AH2H3a2|HA2H4a0|HA3H4a4|aA2H0H4|0|0|1,1
AH2H6a2|HA2H7a0|HA6H7a7|aA2H0H7|0|0|1,1
AH1H2a2|HA1H4a4|HA2H4a0|aA2H0H4|0|0|1,1
AH3H3a2|HA3H3a2|HA3H3a4|aA2H2H4|1|0|1,1
AH3H6a2|HA3H6a2|HA6H6a7|aA2H2H7|1|0|1,1
AH1H3a2|HA1H5a4|HA3H5a2|aA2H2H4|-1|0|1,1
AH3H6a2|HA3H2a4|HA6H2a7|aA2H4H7|1|0|1,1
AH1H3a2|HA1H4a4|HA3H4a4|aA2H4H4|-1|0|1,1
AH1H6a2|HA1H6a4|HA6H6a7|aA2H4H7|-1|0|1,1
HH2H3a2|HH2H4a0|HH3H4a4|aH0H2H4|0|0|1,1
HH2H6a2|HH2H7a0|HH6H7a7|aH0H2H7|0|0|1,1
HH2H4a0|HH2H5a2|HH4H5a4|aH0H2H4|0|0|1,1
HH2H4a4|HH2H7a7|HH4H7a0|aH0H4H7|0|0|1,1
HH4H4a0|HH4H4a4|HH4H4a4|aH0H4H4|0|0|1,2
HH4H6a4|HH4H7a0|HH6H7a7|aH0H4H7|0|0|1,1
HH2H3a4|HH2H6a7|HH3H6a2|aH2H4H7|-1|0|1,1
HH3H4a4|HH3H5a2|HH4H5a4|aH2H4H4|-1|0|1,1
HH5H6a2|HH5H6a4|HH6H6a7|aH2H4H7|-1|0|1,1
HH2H4a4|HH2H6a7|HH4H6a4|aH4H4H7|1|0|1,1
AD4a3a5|DA4a1a4|aA3D1a3|aA5D4a3|1|0|1,1
AD10a5a9|DA10a1a4|aA5D4a3|aA9D1a3|1|0|1,1
AD1a1a3|DA1a1a4|aA1D1a3|aA3D4a3|-1|0|1,1
AD7a3a6|DA7a1a4|aA3D4a3|aA6D1a3|1|0|1,1
AD4a3a3|DA4a1a4|aA3D1a3|aA3D4a3|1|0|1,1
DH2a1a4|HD2a2a4|aD1H2a3|aD4H4a3|-1|0|1,1
DH1a1a4|HD1a0a3|aD1H0a3|aD4H3a3|0|0|1,1
DH4a1a4|HD4a0a3|aD1H3a3|aD4H0a3|0|0|1,1
DH6a1a4|HD6a2a6|aD1H6a3|aD4H2a3|-1|0|1,1
DH6a1a4|HD6a4a5|aD1H5a3|aD4H4a3|-1|0|1,1
AA10a3a5|AA10a5a9|aA3A9a3|aA5A5a3|-1|0|1,1
AA4a1a3|AA4a3a5|aA1A3a3|aA3A5a3|-1|0|1,1
AA6a3a5|AA6a3a6|aA3A5a3|aA3A6a3|1|0|1,1
AA2a3a3|AA2a3a5|aA3A3a3|aA3A5a3|1|0|1,1
AH1a3a5|HA1a2a4|aA3H2a3|aA5H4a3|1|0|1,1
AH3a3a5|HA3a0a3|aA3H0a3|aA5H3a3|0|0|1,1
AH5a3a5|HA5a0a3|aA3H3a3|aA5H0a3|0|0|1,1
AH7a3a5|HA7a2a6|aA3H6a3|aA5H2a3|1|0|1,1
AH3a3a5|HA3a4a5|aA3H5a3|aA5H4a3|-1|0|1,1
AA9a1a3|AA9a5a9|aA1A9a3|aA3A5a3|1|0|1,1
AA4a3a6|AA4a5a9|aA3A5a3|aA6A9a3|1|0|1,1
AA8a3a3|AA8a5a9|aA3A5a3|aA3A9a3|1|0|1,1
AH10a5a9|HA10a2a4|aA5H4a3|aA9H2a3|-1|0|1,1
AH9a5a9|HA9a0a3|aA5H3a3|aA9H0a3|0|0|1,1
AH5a5a9|HA5a0a3|aA5H0a3|aA9H3a3|0|0|1,1
AH5a5a9|HA5a2a6|aA5H2a3|aA9H6a3|1|0|1,1
AH8a5a9|HA8a4a5|aA5H4a3|aA9H5a3|-1|0|1,1
AA6a1a3|AA6a3a6|aA1A6a3|aA3A3a3|1|0|1,1
AA4a1a3|AA4a3a3|aA1A3a3|aA3A3a3|1|0|1,1
AH3a1a3|HA3a2a4|aA1H2a3|aA3H4a3|-1|0|1,1
AH1a1a3|HA1a0a3|aA1H0a3|aA3H3a3|0|0|1,1
AH3a1a3|HA3a0a3|aA1H3a3|aA3H0a3|0|0|1,1
AH5a1a3|HA5a2a6|aA1H6a3|aA3H2a3|-1|0|1,1
AH6a1a3|HA6a4a5|aA1H5a3|aA3H4a3|1|0|1,1
AA4a3a3|AA4a3a6|aA3A3a3|aA3A6a3|1|0|1,1
AH6a3a6|HA6a2a4|aA3H4a3|aA6H2a3|-1|0|1,1
AH6a3a6|HA6a0a3|aA3H3a3|aA6H0a3|0|0|1,1
AH3a3a6|HA3a0a3|aA3H0a3|aA6H3a3|0|0|1,1
AH5a3a6|HA5a2a6|aA3H2a3|aA6H6a3|1|0|1,1
AH4a3a6|HA4a4a5|aA3H4a3|aA6H5a3|-1|0|1,1
AH2a3a3|HA2a2a4|aA3H2a3|aA3H4a3|1|0|1,1
AH3a3a3|HA3a0a3|aA3H0a3|aA3H3a3|0|0|1,2
AH6a3a3|HA6a2a6|aA3H2a3|aA3H6a3|-1|0|1,1
AH1a3a3|HA1a4a5|aA3H4a3|aA3H5a3|-1|0|1,1
HH2a0a3|HH2a2a4|aH0H2a3|aH3H4a3|0|0|1,1
HH4a0a3|HH4a2a4|aH0H4a3|aH2H3a3|0|0|1,1
HH7a2a4|HH7a2a6|aH2H4a3|aH2H6a3|-1|0|1,1
HH4a2a4|HH4a4a5|aH2H5a3|aH4H4a3|-1|0|1,1
HH3a0a3|HH3a0a3|aH0H3a3|aH0H3a3|0|0|1,1
HH6a0a3|HH6a2a6|aH0H6a3|aH2H3a3|0|0|1,1
HH5a0a3|HH5a4a5|aH0H5a3|aH3H4a3|0|0|1,1
HH2a0a3|HH2a2a6|aH0H2a3|aH3H6a3|0|0|1,1
HH4a0a3|HH4a4a5|aH0H4a3|aH3H5a3|0|0|1,1
HH6a2a6|HH6a4a5|aH2H4a3|aH5H6a3|1|0|1,1
AA10D10a9|AA10D4a3|DA10A4a1|aA3A9D1|1|0|1,1
AA4D1a1|AA4D4a3|DA1A4a1|aA1A3D1|-1|0|1,2
AA6D4a3|AA6D7a6|DA4A7a1|aA3A6D1|-1|0|1,1
AA2D4a3|AA2D4a3|DA4A4a1|aA3A3D1|0|0|1,1
AD4H1a3|DA4H2a1|HA1D2a2|aA3D1H2|1|0|1,1
AD4H3a3|DA4H1a1|HA3D1a0|aA3D1H0|0|0|1,2
AD4H5a3|DA4H4a1|HA5D4a3|aA3D1H3|-1|0|1,1
AD4H7a3|DA4H6a1|HA7D6a6|aA3D1H6|-1|0|1,1
AD4H3a3|DA4H6a1|HA3D6a5|aA3D1H5|-1|0|1,1
AA9D10a9|AA9D1a1|DA1A10a1|aA1A9D1|-1|0|1,1
AA4D10a9|AA4D7a6|DA10A7a1|aA6A9D1|1|0|1,1
AA8D10a9|AA8D4a3|DA10A4a1|aA3A9D1|1|0|1,1
AD10H10a9|DA10H2a1|HA10D2a2|aA9D1H2|-1|0|1,1
AD10H9a9|DA10H1a1|HA9D1a0|aA9D1H0|0|0|1,1
AD10H5a9|DA10H4a1|HA5D4a3|aA9D1H3|1|0|1,1
AD10H5a9|DA10H6a1|HA5D6a6|aA9D1H6|1|0|1,1
AD10H8a9|DA10H6a1|HA8D6a5|aA9D1H5|-1|0|1,1
AA6D1a1|AA6D7a6|DA1A7a1|aA1A6D1|1|0|1,1
AD1H3a1|DA1H2a1|HA3D2a2|aA1D1H2|1|0|1,1
AD1H1a1|DA1H1a1|HA1D1a0|aA1D1H0|0|0|1,1
AD1H3a1|DA1H4a1|HA3D4a3|aA1D1H3|1|0|1,1
AD1H5a1|DA1H6a1|HA5D6a6|aA1D1H6|1|0|1,1
AD1H6a1|DA1H6a1|HA6D6a5|aA1D1H5|1|0|1,1
AA4D4a3|AA4D7a6|DA4A7a1|aA3A6D1|-1|0|1,1
AD7H6a6|DA7H2a1|HA6D2a2|aA6D1H2|-1|0|1,1
AD7H6a6|DA7H1a1|HA6D1a0|aA6D1H0|0|0|1,1
AD7H3a6|DA7H4a1|HA3D4a3|aA6D1H3|1|0|1,1
AD7H5a6|DA7H6a1|HA5D6a6|aA6D1H6|1|0|1,1
AD7H4a6|DA7H6a1|HA4D6a5|aA6D1H5|-1|0|1,1
AD4H2a3|DA4H2a1|HA2D2a2|aA3D1H2|1|0|1,1
AD4H3a3|DA4H4a1|HA3D4a3|aA3D1H3|-1|0|1,1
AD4H6a3|DA4H6a1|HA6D6a6|aA3D1H6|-1|0|1,1
AD4H1a3|DA4H6a1|HA1D6a5|aA3D1H5|-1|0|1,1
DH1H2a1|HD1H2a0|HD2H2a2|aD1H0H2|0|0|1,1
DH2H4a1|HD2H4a2|HD4H4a3|aD1H2H3|1|0|1,1
DH2H6a1|HD2H7a2|HD6H7a6|aD1H2H6|1|0|1,1
DH2H6a1|HD2H4a2|HD6H4a5|aD1H2H5|1|0|1,1
DH1H4a1|HD1H3a0|HD4H3a3|aD1H0H3|0|0|1,1
DH1H6a1|HD1H6a0|HD6H6a6|aD1H0H6|0|0|1,1
DH1H6a1|HD1H5a0|HD6H5a5|aD1H0H5|0|0|1,1
DH4H6a1|HD4H2a3|HD6H2a6|aD1H3H6|-1|0|1,1
DH4H6a1|HD4H4a3|HD6H4a5|aD1H3H5|-1|0|1,1
DH6H6a1|HD6H6a5|HD6H6a6|aD1H5H6|1|0|1,1
AA10A4a3|AA10A9a9|AA4A9a1|aA1A3A9|1|0|1,1
AA10A4a9|AA10A6a3|AA4A6a6|aA3A6A9|1|0|1,1
AA10A2a3|AA10A8a9|AA2A8a3|aA3A3A9|1|0|1,1
AA10H10a9|AA10H1a3|HA1A10a2|aA3A9H2|1|0|1,1
AA10H3a3|AA10H9a9|HA3A9a0|aA3A9H0|0|0|1,1
AA10H5a3|AA10H5a9|HA5A5a3|aA3A9H3|1|0|1,1
AA10H5a9|AA10H7a3|HA5A7a6|aA3A9H6|-1|0|1,1
AA10H3a3|AA10H8a9|HA3A8a5|aA3A9H5|1|0|1,1
AA4A6a1|AA4A6a3|AA6A6a6|aA1A3A6|1|0|1,1
AA2A4a3|AA2A4a3|AA4A4a1|aA1A3A3|0|0|1,1
AA4H3a1|AA4H5a3|HA3A5a3|aA1A3H3|1|0|1,1
AA4H5a1|AA4H7a3|HA5A7a6|aA1A3H6|-1|0|1,1
AA4H3a3|AA4H6a1|HA3A6a5|aA1A3H5|-1|0|1,1
AA2A4a3|AA2A6a3|AA4A6a6|aA3A3A6|1|0|1,1
AA6H3a6|AA6H5a3|HA3A5a3|aA3A6H3|-1|0|1,1
AA6H5a6|AA6H7a3|HA5A7a6|aA3A6H6|-1|0|1,1
AA6H3a3|AA6H4a6|HA3A4a5|aA3A6H5|1|0|1,1
AA2H1a3|AA2H2a3|HA1A2a2|aA3A3H2|-1|0|1,1
AA2H3a3|AA2H3a3|HA3A3a0|aA3A3H0|0|0|1,1
AA2H3a3|AA2H5a3|HA3A5a3|aA3A3H3|-1|0|1,1
AA2H6a3|AA2H7a3|HA6A7a6|aA3A3H6|-1|0|1,1
AA2H1a3|AA2H3a3|HA1A3a5|aA3A3H5|-1|0|1,1
AH1H5a3|HA1H4a2|HA5H4a3|aA3H2H3|-1|0|1,1
AH1H7a3|HA1H7a2|HA7H7a6|aA3H2H6|-1|0|1,1
AH1H3a3|HA1H4a2|HA3H4a5|aA3H2H5|1|0|1,1
AH3H5a3|HA3H3a0|HA5H3a3|aA3H0H3|0|0|1,1
AH3H7a3|HA3H6a0|HA7H6a6|aA3H0H6|0|0|1,1
AH3H3a3|HA3H5a0|HA3H5a5|aA3H0H5|0|0|1,1
AH5H7a3|HA5H2a3|HA7H2a6|aA3H3H6|1|0|1,1
AH3H5a3|HA3H4a5|HA5H4a3|aA3H3H5|1|0|1,1
AH3H7a3|HA3H6a5|HA7H6a6|aA3H5H6|1|0|1,1
AA4A6a6|AA4A9a9|AA6A9a1|aA1A6A9|-1|0|1,1
AA4A8a3|AA4A9a1|AA8A9a9|aA1A3A9|-1|0|1,1
AA9H10a9|AA9H3a1|HA10A3a2|aA1A9H2|-1|0|1,1
AA9H1a1|AA9H9a9|HA1A9a0|aA1A9H0|0|0|1,1
AA9H3a1|AA9H5a9|HA3A5a3|aA1A9H3|-1|0|1,1
AA9H5a1|AA9H5a9|HA5A5a6|aA1A9H6|-1|0|1,1
AA9H6a1|AA9H8a9|HA6A8a5|aA1A9H5|-1|0|1,1
AA4A4a6|AA4A8a3|AA4A8a9|aA3A6A9|-1|0|1,1
AA4H10a9|AA4H6a6|HA10A6a2|aA6A9H2|-1|0|1,1
AA4H6a6|AA4H9a9|HA6A9a0|aA6A9H0|0|0|1,1
AA4H3a6|AA4H5a9|HA3A5a3|aA6A9H3|1|0|1,1
AA4H5a6|AA4H5a9|HA5A5a6|aA6A9H6|1|0|1,1
AA4H4a6|AA4H8a9|HA4A8a5|aA6A9H5|1|0|1,1
AA8H10a9|AA8H2a3|HA10A2a2|aA3A9H2|1|0|1,1
AA8H3a3|AA8H9a9|HA3A9a0|aA3A9H0|0|0|1,1
AA8H3a3|AA8H5a9|HA3A5a3|aA3A9H3|1|0|1,1
AA8H5a9|AA8H6a3|HA5A6a6|aA3A9H6|-1|0|1,1
AA8H1a3|AA8H8a9|HA1A8a5|aA3A9H5|-1|0|1,1
AH10H9a9|HA10H2a2|HA9H2a0|aA9H0H2|0|0|1,1
AH10H5a9|HA10H4a2|HA5H4a3|aA9H2H3|-1|0|1,1
AH10H5a9|HA10H7a2|HA5H7a6|aA9H2H6|-1|0|1,1
AH10H8a9|HA10H4a2|HA8H4a5|aA9H2H5|-1|0|1,1
AH5H9a9|HA5H3a3|HA9H3a0|aA9H0H3|0|0|1,1
AH5H9a9|HA5H6a6|HA9H6a0|aA9H0H6|0|0|1,1
AH8H9a9|HA8H5a5|HA9H5a0|aA9H0H5|0|0|1,1
AH5H5a9|HA5H2a3|HA5H2a6|aA9H3H6|-1|0|1,1
AH5H8a9|HA5H4a3|HA8H4a5|aA9H3H5|1|0|1,1
AH5H8a9|HA5H6a6|HA8H6a5|aA9H5H6|1|0|1,1
AA4A4a3|AA4A6a1|AA4A6a6|aA1A3A6|-1|0|1,1
AA6H3a1|AA6H3a6|HA3A3a3|aA1A6H3|-1|0|1,1
AA6H5a1|AA6H5a6|HA5A5a6|aA1A6H6|-1|0|1,1
AA6H4a6|AA6H6a1|HA4A6a5|aA1A6H5|1|0|1,1
AA4H2a3|AA4H3a1|HA2A3a2|aA1A3H2|1|0|1,1
AA4H3a1|AA4H3a3|HA3A3a3|aA1A3H3|-1|0|1,1
AA4H5a1|AA4H6a3|HA5A6a6|aA1A3H6|-1|0|1,1
AA4H1a3|AA4H6a1|HA1A6a5|aA1A3H5|1|0|1,1
AH3H3a1|HA3H4a2|HA3H4a3|aA1H2H3|1|0|1,1
AH3H5a1|HA3H7a2|HA5H7a6|aA1H2H6|1|0|1,1
AH3H6a1|HA3H4a2|HA6H4a5|aA1H2H5|1|0|1,1
AH1H3a1|HA1H3a0|HA3H3a3|aA1H0H3|0|0|1,1
AH1H5a1|HA1H6a0|HA5H6a6|aA1H0H6|0|0|1,1
AH1H6a1|HA1H5a0|HA6H5a5|aA1H0H5|0|0|1,1
AH3H5a1|HA3H2a3|HA5H2a6|aA1H3H6|-1|0|1,1
AH3H6a1|HA3H4a3|HA6H4a5|aA1H3H5|1|0|1,1
AH5H6a1|HA5H6a6|HA6H6a5|aA1H5H6|1|0|1,1
AA4H2a3|AA4H6a6|HA2A6a2|aA3A6H2|-1|0|1,1
AA4H3a3|AA4H6a6|HA3A6a0|aA3A6H0|0|0|1,1
AA4H3a3|AA4H3a6|HA3A3a3|aA3A6H3|1|0|1,1
AA4H5a6|AA4H6a3|HA5A6a6|aA3A6H6|-1|0|1,1
AA4H1a3|AA4H4a6|HA1A4a5|aA3A6H5|-1|0|1,1
AH3H6a6|HA3H4a3|HA6H4a2|aA6H2H3|1|0|1,1
AH5H6a6|HA5H7a6|HA6H7a2|aA6H2H6|1|0|1,1
AH4H6a6|HA4H4a5|HA6H4a2|aA6H2H5|1|0|1,1
AH3H6a6|HA3H3a3|HA6H3a0|aA6H0H3|0|0|1,1
AH5H6a6|HA5H6a6|HA6H6a0|aA6H0H6|0|0|1,1
AH4H6a6|HA4H5a5|HA6H5a0|aA6H0H5|0|0|1,1
AH3H5a6|HA3H2a3|HA5H2a6|aA6H3H6|-1|0|1,1
AH3H4a6|HA3H4a3|HA4H4a5|aA6H3H5|1|0|1,1
AH4H5a6|HA4H6a5|HA5H6a6|aA6H5H6|-1|0|1,1
AH2H3a3|HA2H2a2|HA3H2a0|aA3H0H2|0|0|1,1
AH2H3a3|HA2H4a2|HA3H4a3|aA3H2H3|-1|0|1,1
AH2H6a3|HA2H7a2|HA6H7a6|aA3H2H6|-1|0|1,1
AH1H2a3|HA1H4a5|HA2H4a2|aA3H2H5|1|0|1,1
AH3H3a3|HA3H3a0|HA3H3a3|aA3H0H3|0|0|1,2
AH3H6a3|HA3H6a0|HA6H6a6|aA3H0H6|0|0|1,1
AH1H3a3|HA1H5a5|HA3H5a0|aA3H0H5|0|0|1,1
AH3H6a3|HA3H2a3|HA6H2a6|aA3H3H6|1|0|1,1
AH1H3a3|HA1H4a5|HA3H4a3|aA3H3H5|-1|0|1,1
AH1H6a3|HA1H6a5|HA6H6a6|aA3H5H6|-1|0|1,1
HH2H3a0|HH2H4a2|HH3H4a3|aH0H2H3|0|0|1,1
HH2H6a0|HH2H7a2|HH6H7a6|aH0H2H6|0|0|1,1
HH2H4a2|HH2H5a0|HH4H5a5|aH0H2H5|0|0|1,1
HH2H4a3|HH2H7a6|HH4H7a2|aH2H3H6|1|0|1,1
HH4H4a2|HH4H4a3|HH4H4a5|aH2H3H5|-1|0|1,1
HH4H6a5|HH4H7a2|HH6H7a6|aH2H5H6|-1|0|1,1
HH2H3a3|HH2H6a6|HH3H6a0|aH0H3H6|0|0|1,1
HH3H4a3|HH3H5a0|HH4H5a5|aH0H3H5|0|0|1,1
HH5H6a0|HH5H6a5|HH6H6a6|aH0H5H6|0|0|1,1
HH2H4a3|HH2H6a6|HH4H6a5|aH3H5H6|1|0|1,1
AA10D10a5|AA10D4a5|DA10A4a4|aA5A5D4|1|0|1,1
AA4D1a3|AA4D4a5|DA1A4a4|aA3A5D4|1|0|1,1
AA6D4a5|AA6D7a3|DA4A7a4|aA3A5D4|-1|0|1,1
AA2D4a3|AA2D4a5|DA4A4a4|aA3A5D4|1|0|1,1
AD4H1a5|DA4H2a4|HA1D2a4|aA5D4H4|1|0|1,1
AD4H3a5|DA4H1a4|HA3D1a3|aA5D4H3|1|0|1,1
AD4H5a5|DA4H4a4|HA5D4a0|aA5D4H0|0|0|1,1
AD4H7a5|DA4H6a4|HA7D6a2|aA5D4H2|-1|0|1,1
AD4H3a5|DA4H6a4|HA3D6a4|aA5D4H4|1|0|1,1
AA9D10a5|AA9D1a3|DA1A10a4|aA3A5D4|-1|0|1,1
AA4D10a5|AA4D7a3|DA10A7a4|aA3A5D4|1|0|1,1
AA8D10a5|AA8D4a3|DA10A4a4|aA3A5D4|1|0|1,1
AD10H10a5|DA10H2a4|HA10D2a4|aA5D4H4|-1|0|1,1
AD10H9a5|DA10H1a4|HA9D1a3|aA5D4H3|-1|0|1,1
AD10H5a5|DA10H4a4|HA5D4a0|aA5D4H0|0|0|1,1
AD10H5a5|DA10H6a4|HA5D6a2|aA5D4H2|1|0|1,1
AD10H8a5|DA10H6a4|HA8D6a4|aA5D4H4|-1|0|1,1
AA6D1a3|AA6D7a3|DA1A7a4|aA3A3D4|1|0|1,1
AA4D1a3|AA4D4a3|DA1A4a4|aA3A3D4|1|0|1,1
AD1H3a3|DA1H2a4|HA3D2a4|aA3D4H4|-1|0|1,1
AD1H1a3|DA1H1a4|HA1D1a3|aA3D4H3|-1|0|1,1
AD1H3a3|DA1H4a4|HA3D4a0|aA3D4H0|0|0|1,1
AD1H5a3|DA1H6a4|HA5D6a2|aA3D4H2|1|0|1,1
AD1H6a3|DA1H6a4|HA6D6a4|aA3D4H4|-1|0|1,1
AA4D4a3|AA4D7a3|DA4A7a4|aA3A3D4|-1|0|1,1
AD7H6a3|DA7H2a4|HA6D2a4|aA3D4H4|-1|0|1,1
AD7H6a3|DA7H1a4|HA6D1a3|aA3D4H3|-1|0|1,1
AD7H3a3|DA7H4a4|HA3D4a0|aA3D4H0|0|0|1,1
AD7H5a3|DA7H6a4|HA5D6a2|aA3D4H2|1|0|1,1
AD7H4a3|DA7H6a4|HA4D6a4|aA3D4H4|-1|0|1,1
AD4H2a3|DA4H2a4|HA2D2a4|aA3D4H4|-1|0|1,1
AD4H3a3|DA4H1a4|HA3D1a3|aA3D4H3|1|0|1,1
AD4H3a3|DA4H4a4|HA3D4a0|aA3D4H0|0|0|1,1
AD4H6a3|DA4H6a4|HA6D6a2|aA3D4H2|-1|0|1,1
AD4H1a3|DA4H6a4|HA1D6a4|aA3D4H4|-1|0|1,1
DH1H2a4|HD1H2a3|HD2H2a4|aD4H3H4|1|0|1,1
DH2H4a4|HD2H4a4|HD4H4a0|aD4H0H4|0|0|1,1
DH2H6a4|HD2H7a4|HD6H7a2|aD4H2H4|1|0|1,1
DH2H6a4|HD2H4a4|HD6H4a4|aD4H4H4|-1|0|1,1
DH1H4a4|HD1H3a3|HD4H3a0|aD4H0H3|0|0|1,1
DH1H6a4|HD1H6a3|HD6H6a2|aD4H2H3|1|0|1,1
DH1H6a4|HD1H5a3|HD6H5a4|aD4H3H4|1|0|1,1
DH4H6a4|HD4H2a0|HD6H2a2|aD4H0H2|0|0|1,1
DH4H6a4|HD4H4a0|HD6H4a4|aD4H0H4|0|0|1,1
DH6H6a4|HD6H6a2|HD6H6a4|aD4H2H4|-1|0|1,1
AA10A4a5|AA10A9a5|AA4A9a3|aA3A5A5|-1|0|1,1
AA10A4a5|AA10A6a5|AA4A6a3|aA3A5A5|1|0|1,1
AA10A2a5|AA10A8a5|AA2A8a3|aA3A5A5|1|0|1,1
AA10H10a5|AA10H1a5|HA1A10a4|aA5A5H4|1|0|1,1
AA10H3a5|AA10H9a5|HA3A9a3|aA5A5H3|-1|0|1,1
AA10H5a5|AA10H5a5|HA5A5a0|aA5A5H0|0|0|1,1
AA10H5a5|AA10H7a5|HA5A7a2|aA5A5H2|-1|0|1,1
AA10H3a5|AA10H8a5|HA3A8a4|aA5A5H4|1|0|1,1
AA4A6a3|AA4A6a5|AA6A6a3|aA3A3A5|-1|0|1,1
AA2A4a3|AA2A4a5|AA4A4a3|aA3A3A5|1|0|1,1
AA4H1a5|AA4H3a3|HA1A3a4|aA3A5H4|-1|0|1,1
AA4H1a3|AA4H3a5|HA1A3a3|aA3A5H3|-1|0|1,1
AA4H3a3|AA4H5a5|HA3A5a0|aA3A5H0|0|0|1,2
AA4H5a3|AA4H7a5|HA5A7a2|aA3A5H2|1|0|1,1
AA4H3a5|AA4H6a3|HA3A6a4|aA3A5H4|1|0|1,1
AA2A4a3|AA2A6a5|AA4A6a3|aA3A3A5|1|0|1,1
AA6H1a5|AA6H6a3|HA1A6a4|aA3A5H4|-1|0|1,1
AA6H3a5|AA6H6a3|HA3A6a3|aA3A5H3|-1|0|1,1
AA6H3a3|AA6H5a5|HA3A5a0|aA3A5H0|0|0|1,1
AA6H5a3|AA6H7a5|HA5A7a2|aA3A5H2|-1|0|1,1
AA6H3a5|AA6H4a3|HA3A4a4|aA3A5H4|1|0|1,1
AA2H1a5|AA2H2a3|HA1A2a4|aA3A5H4|-1|0|1,1
AA2H3a3|AA2H3a5|HA3A3a3|aA3A5H3|1|0|1,1
AA2H3a3|AA2H5a5|HA3A5a0|aA3A5H0|0|0|1,1
AA2H6a3|AA2H7a5|HA6A7a2|aA3A5H2|-1|0|1,1
AA2H1a3|AA2H3a5|HA1A3a4|aA3A5H4|-1|0|1,1
AH1H3a5|HA1H2a4|HA3H2a3|aA5H3H4|1|0|1,1
AH1H5a5|HA1H4a4|HA5H4a0|aA5H0H4|0|0|1,1
AH1H7a5|HA1H7a4|HA7H7a2|aA5H2H4|-1|0|1,1
AH1H3a5|HA1H4a4|HA3H4a4|aA5H4H4|1|0|1,1
AH3H5a5|HA3H3a3|HA5H3a0|aA5H0H3|0|0|1,1
AH3H7a5|HA3H6a3|HA7H6a2|aA5H2H3|-1|0|1,1
AH3H3a5|HA3H5a3|HA3H5a4|aA5H3H4|1|0|1,1
AH5H7a5|HA5H2a0|HA7H2a2|aA5H0H2|0|0|1,1
AH3H5a5|HA3H4a4|HA5H4a0|aA5H0H4|0|0|1,1
AH3H7a5|HA3H6a4|HA7H6a2|aA5H2H4|1|0|1,1
AA4A6a3|AA4A9a5|AA6A9a3|aA3A3A5|-1|0|1,1
AA4A8a3|AA4A9a3|AA8A9a5|aA3A3A5|1|0|1,1
AA9H10a5|AA9H3a3|HA10A3a4|aA3A5H4|-1|0|1,1
AA9H1a3|AA9H9a5|HA1A9a3|aA3A5H3|1|0|1,1
AA9H3a3|AA9H5a5|HA3A5a0|aA3A5H0|0|0|1,1
AA9H5a3|AA9H5a5|HA5A5a2|aA3A5H2|-1|0|1,1
AA9H6a3|AA9H8a5|HA6A8a4|aA3A5H4|1|0|1,1
AA4A4a3|AA4A8a3|AA4A8a5|aA3A3A5|-1|0|1,1
AA4H10a5|AA4H6a3|HA10A6a4|aA3A5H4|-1|0|1,1
AA4H6a3|AA4H9a5|HA6A9a3|aA3A5H3|-1|0|1,1
AA4H5a3|AA4H5a5|HA5A5a2|aA3A5H2|1|0|1,1
AA4H4a3|AA4H8a5|HA4A8a4|aA3A5H4|1|0|1,1
AA8H10a5|AA8H2a3|HA10A2a4|aA3A5H4|1|0|1,1
AA8H3a3|AA8H9a5|HA3A9a3|aA3A5H3|-1|0|1,1
AA8H3a3|AA8H5a5|HA3A5a0|aA3A5H0|0|0|1,1
AA8H5a5|AA8H6a3|HA5A6a2|aA3A5H2|-1|0|1,1
AA8H1a3|AA8H8a5|HA1A8a4|aA3A5H4|1|0|1,1
AH10H9a5|HA10H2a4|HA9H2a3|aA5H3H4|1|0|1,1
AH10H5a5|HA10H4a4|HA5H4a0|aA5H0H4|0|0|1,1
AH10H5a5|HA10H7a4|HA5H7a2|aA5H2H4|-1|0|1,1
AH10H8a5|HA10H4a4|HA8H4a4|aA5H4H4|-1|0|1,1
AH5H9a5|HA5H3a0|HA9H3a3|aA5H0H3|0|0|1,1
AH5H9a5|HA5H6a2|HA9H6a3|aA5H2H3|-1|0|1,1
AH8H9a5|HA8H5a4|HA9H5a3|aA5H3H4|1|0|1,1
AH5H5a5|HA5H2a0|HA5H2a2|aA5H0H2|0|0|1,1
AH5H8a5|HA5H4a0|HA8H4a4|aA5H0H4|0|0|1,1
AH5H8a5|HA5H6a2|HA8H6a4|aA5H2H4|1|0|1,1
AA4A4a3|AA4A6a3|AA4A6a3|aA3A3A3|0|0|1,1
AA6H3a3|AA6H6a3|HA3A6a4|aA3A3H4|1|0|1,1
AA6H1a3|AA6H6a3|HA1A6a3|aA3A3H3|1|0|1,1
AA6H3a3|AA6H3a3|HA3A3a0|aA3A3H0|0|0|1,1
AA6H5a3|AA6H5a3|HA5A5a2|aA3A3H2|0|0|1,1
AA6H4a3|AA6H6a3|HA4A6a4|aA3A3H4|-1|0|1,1
AA4H2a3|AA4H3a3|HA2A3a4|aA3A3H4|-1|0|1,1
AA4H1a3|AA4H3a3|HA1A3a3|aA3A3H3|1|0|1,1
AA4H3a3|AA4H3a3|HA3A3a0|aA3A3H0|0|0|1,2
AA4H5a3|AA4H6a3|HA5A6a2|aA3A3H2|1|0|1,1
AA4H1a3|AA4H6a3|HA1A6a4|aA3A3H4|-1|0|1,1
AH1H3a3|HA1H2a3|HA3H2a4|aA3H3H4|1|0|1,1
AH3H5a3|HA3H7a4|HA5H7a2|aA3H2H4|1|0|1,1
AH3H6a3|HA3H4a4|HA6H4a4|aA3H4H4|-1|0|1,1
AH1H3a3|HA1H3a3|HA3H3a0|aA3H0H3|0|0|1,1
AH1H5a3|HA1H6a3|HA5H6a2|aA3H2H3|1|0|1,1
AH1H6a3|HA1H5a3|HA6H5a4|aA3H3H4|-1|0|1,1
AH3H5a3|HA3H2a0|HA5H2a2|aA3H0H2|0|0|1,2
AH5H6a3|HA5H6a2|HA6H6a4|aA3H2H4|-1|0|1,1
AA4H2a3|AA4H6a3|HA2A6a4|aA3A3H4|-1|0|1,1
AA4H3a3|AA4H6a3|HA3A6a3|aA3A3H3|-1|0|1,1
AA4H5a3|AA4H6a3|HA5A6a2|aA3A3H2|-1|0|1,1
AA4H1a3|AA4H4a3|HA1A4a4|aA3A3H4|1|0|1,1
AH6H6a3|HA6H2a3|HA6H2a4|aA3H3H4|-1|0|1,1
AH5H6a3|HA5H7a2|HA6H7a4|aA3H2H4|1|0|1,1
AH4H6a3|HA4H4a4|HA6H4a4|aA3H4H4|1|0|1,1
AH3H6a3|HA3H3a0|HA6H3a3|aA3H0H3|0|0|1,1
AH5H6a3|HA5H6a2|HA6H6a3|aA3H2H3|-1|0|1,1
AH4H6a3|HA4H5a4|HA6H5a3|aA3H3H4|1|0|1,1
AH3H4a3|HA3H4a0|HA4H4a4|aA3H0H4|0|0|1,1
AH4H5a3|HA4H6a4|HA5H6a2|aA3H2H4|-1|0|1,1
AH2H3a3|HA2H2a4|HA3H2a3|aA3H3H4|1|0|1,1
AH2H3a3|HA2H4a4|HA3H4a0|aA3H0H4|0|0|1,1
AH2H6a3|HA2H7a4|HA6H7a2|aA3H2H4|-1|0|1,1
AH1H2a3|HA1H4a4|HA2H4a4|aA3H4H4|1|0|1,1
AH3H6a3|HA3H6a3|HA6H6a2|aA3H2H3|-1|0|1,1
AH1H3a3|HA1H5a4|HA3H5a3|aA3H3H4|1|0|1,1
AH3H6a3|HA3H2a0|HA6H2a2|aA3H0H2|0|0|1,1
AH1H3a3|HA1H4a4|HA3H4a0|aA3H0H4|0|0|1,1
AH1H6a3|HA1H6a4|HA6H6a2|aA3H2H4|1|0|1,1
HH2H3a3|HH2H4a4|HH3H4a0|aH0H3H4|0|0|1,1
HH2H6a3|HH2H7a4|HH6H7a2|aH2H3H4|1|0|1,1
HH2H4a4|HH2H5a3|HH4H5a4|aH3H4H4|1|0|1,1
HH2H4a0|HH2H7a2|HH4H7a4|aH0H2H4|0|0|1,1
HH4H6a4|HH4H7a4|HH6H7a2|aH2H4H4|-1|0|1,1
HH2H3a0|HH2H6a2|HH3H6a3|aH0H2H3|0|0|1,1
HH3H4a0|HH3H5a3|HH4H5a4|aH0H3H4|0|0|1,1
HH5H6a3|HH5H6a4|HH6H6a2|aH2H3H4|1|0|1,1
HH2H4a0|HH2H6a2|HH4H6a4|aH0H2H4|0|0|1,1
AA10A4D4|AA10A9D10|AA4A9D1|DA1A10A4|1|0|1,1
AA10A4D10|AA10A6D4|AA4A6D7|DA10A4A7|1|0|1,1
AA10A2D4|AA10A8D10|AA2A8D4|DA10A4A4|1|0|1,1
AA10D10H10|AA10D4H1|DA10A4H2|HA1A10D2|-1|0|1,1
AA10D10H9|AA10D4H3|DA10A4H1|HA3A9D1|1|0|1,1
AA10D10H5|AA10D4H5|DA10A4H4|HA5A5D4|1|0|1,1
AA10D10H5|AA10D4H7|DA10A4H6|HA5A7D6|1|0|1,1
AA10D10H8|AA10D4H3|DA10A4H6|HA3A8D6|1|0|1,1
AA4A6D1|AA4A6D4|AA6A6D7|DA1A4A7|1|0|1,1
AA2A4D4|AA2A4D4|AA4A4D1|DA1A4A4|0|0|1,1
AA4D1H3|AA4D4H1|DA1A4H2|HA1A3D2|-1|0|1,1
AA4D1H1|AA4D4H3|DA1A4H1|HA1A3D1|-1|0|1,2
AA4D1H3|AA4D4H5|DA1A4H4|HA3A5D4|1|0|1,1
AA4D1H5|AA4D4H7|DA1A4H6|HA5A7D6|1|0|1,1
AA4D1H6|AA4D4H3|DA1A4H6|HA3A6D6|1|0|1,1
AA2A4D4|AA2A6D4|AA4A6D7|DA4A4A7|1|0|1,1
AA6D4H1|AA6D7H6|DA4A7H2|HA1A6D2|1|0|1,1
AA6D4H3|AA6D7H6|DA4A7H1|HA3A6D1|-1|0|1,1
AA6D4H5|AA6D7H3|DA4A7H4|HA3A5D4|-1|0|1,1
AA6D4H7|AA6D7H5|DA4A7H6|HA5A7D6|-1|0|1,1
AA6D4H3|AA6D7H4|DA4A7H6|HA3A4D6|-1|0|1,1
AA2D4H1|AA2D4H2|DA4A4H2|HA1A2D2|1|0|1,1
AA2D4H3|AA2D4H3|DA4A4H1|HA3A3D1|0|0|1,1
AA2D4H3|AA2D4H5|DA4A4H4|HA3A5D4|1|0|1,1
AA2D4H6|AA2D4H7|DA4A4H6|HA6A7D6|1|0|1,1
AA2D4H1|AA2D4H3|DA4A4H6|HA1A3D6|1|0|1,1
AD4H1H3|DA4H1H2|HA1D2H2|HA3D1H2|1|0|1,1
AD4H1H5|DA4H2H4|HA1D2H4|HA5D4H4|1|0|1,1
AD4H1H7|DA4H2H6|HA1D2H7|HA7D6H7|-1|0|1,1
AD4H1H3|DA4H2H6|HA1D2H4|HA3D6H4|1|0|1,1
AD4H3H5|DA4H1H4|HA3D1H3|HA5D4H3|1|0|1,1
AD4H3H7|DA4H1H6|HA3D1H6|HA7D6H6|1|0|1,1
AD4H3H3|DA4H1H6|HA3D1H5|HA3D6H5|1|0|1,1
AD4H5H7|DA4H4H6|HA5D4H2|HA7D6H2|1|0|1,1
AD4H3H5|DA4H4H6|HA3D6H4|HA5D4H4|1|0|1,1
AD4H3H7|DA4H6H6|HA3D6H6|HA7D6H6|1|0|1,1
AA4A6D7|AA4A9D10|AA6A9D1|DA1A10A7|1|0|1,1
AA4A8D4|AA4A9D1|AA8A9D10|DA1A10A4|-1|0|1,1
AA9D10H10|AA9D1H3|DA1A10H2|HA10A3D2|-1|0|1,1
AA9D10H9|AA9D1H1|DA1A10H1|HA1A9D1|-1|0|1,1
AA9D10H5|AA9D1H3|DA1A10H4|HA3A5D4|-1|0|1,1
AA9D10H5|AA9D1H5|DA1A10H6|HA5A5D6|-1|0|1,1
AA9D10H8|AA9D1H6|DA1A10H6|HA6A8D6|-1|0|1,1
AA4A4D7|AA4A8D10|AA4A8D4|DA10A4A7|1|0|1,1
AA4D10H10|AA4D7H6|DA10A7H2|HA10A6D2|1|0|1,1
AA4D10H9|AA4D7H6|DA10A7H1|HA6A9D1|1|0|1,1
AA4D10H5|AA4D7H3|DA10A7H4|HA3A5D4|1|0|1,1
AA4D10H5|AA4D7H5|DA10A7H6|HA5A5D6|1|0|1,1
AA4D10H8|AA4D7H4|DA10A7H6|HA4A8D6|1|0|1,1
AA8D10H10|AA8D4H2|DA10A4H2|HA10A2D2|-1|0|1,1
AA8D10H9|AA8D4H3|DA10A4H1|HA3A9D1|1|0|1,1
AA8D10H5|AA8D4H3|DA10A4H4|HA3A5D4|1|0|1,1
AA8D10H5|AA8D4H6|DA10A4H6|HA5A6D6|1|0|1,1
AA8D10H8|AA8D4H1|DA10A4H6|HA1A8D6|-1|0|1,1
AD10H10H9|DA10H1H2|HA10D2H2|HA9D1H2|-1|0|1,1
AD10H10H5|DA10H2H4|HA10D2H4|HA5D4H4|-1|0|1,1
AD10H10H5|DA10H2H6|HA10D2H7|HA5D6H7|-1|0|1,1
AD10H10H8|DA10H2H6|HA10D2H4|HA8D6H4|-1|0|1,1
AD10H5H9|DA10H1H4|HA5D4H3|HA9D1H3|1|0|1,1
AD10H5H9|DA10H1H6|HA5D6H6|HA9D1H6|1|0|1,1
AD10H8H9|DA10H1H6|HA8D6H5|HA9D1H5|-1|0|1,1
AD10H5H5|DA10H4H6|HA5D4H2|HA5D6H2|-1|0|1,1
AD10H5H8|DA10H4H6|HA5D4H4|HA8D6H4|1|0|1,1
AD10H5H8|DA10H6H6|HA5D6H6|HA8D6H6|1|0|1,1
AA4A4D4|AA4A6D1|AA4A6D7|DA1A4A7|-1|0|1,1
AA6D1H3|AA6D7H6|DA1A7H2|HA3A6D2|1|0|1,1
AA6D1H1|AA6D7H6|DA1A7H1|HA1A6D1|1|0|1,1
AA6D1H3|AA6D7H3|DA1A7H4|HA3A3D4|1|0|1,1
AA6D1H5|AA6D7H5|DA1A7H6|HA5A5D6|1|0|1,1
AA6D1H6|AA6D7H4|DA1A7H6|HA4A6D6|1|0|1,1
AA4D1H3|AA4D4H2|DA1A4H2|HA2A3D2|-1|0|1,1
AA4D1H3|AA4D4H3|DA1A4H4|HA3A3D4|1|0|1,1
AA4D1H5|AA4D4H6|DA1A4H6|HA5A6D6|1|0|1,1
AA4D1H6|AA4D4H1|DA1A4H6|HA1A6D6|1|0|1,1
AD1H1H3|DA1H1H2|HA1D1H2|HA3D2H2|-1|0|1,1
AD1H3H3|DA1H2H4|HA3D2H4|HA3D4H4|-1|0|1,1
AD1H3H5|DA1H2H6|HA3D2H7|HA5D6H7|-1|0|1,1
AD1H3H6|DA1H2H6|HA3D2H4|HA6D6H4|-1|0|1,1
AD1H1H3|DA1H1H4|HA1D1H3|HA3D4H3|-1|0|1,1
AD1H1H5|DA1H1H6|HA1D1H6|HA5D6H6|-1|0|1,1
AD1H1H6|DA1H1H6|HA1D1H5|HA6D6H5|-1|0|1,1
AD1H3H5|DA1H4H6|HA3D4H2|HA5D6H2|-1|0|1,1
AD1H3H6|DA1H4H6|HA3D4H4|HA6D6H4|1|0|1,1
AD1H5H6|DA1H6H6|HA5D6H6|HA6D6H6|1|0|1,1
AA4D4H2|AA4D7H6|DA4A7H2|HA2A6D2|1|0|1,1
AA4D4H3|AA4D7H6|DA4A7H1|HA3A6D1|-1|0|1,1
AA4D4H3|AA4D7H3|DA4A7H4|HA3A3D4|-1|0|1,1
AA4D4H6|AA4D7H5|DA4A7H6|HA5A6D6|-1|0|1,1
AA4D4H1|AA4D7H4|DA4A7H6|HA1A4D6|1|0|1,1
AD7H6H6|DA7H1H2|HA6D1H2|HA6D2H2|1|0|1,1
AD7H3H6|DA7H2H4|HA3D4H4|HA6D2H4|1|0|1,1
AD7H5H6|DA7H2H6|HA5D6H7|HA6D2H7|1|0|1,1
AD7H4H6|DA7H2H6|HA4D6H4|HA6D2H4|1|0|1,1
AD7H3H6|DA7H1H4|HA3D4H3|HA6D1H3|1|0|1,1
AD7H5H6|DA7H1H6|HA5D6H6|HA6D1H6|1|0|1,1
AD7H4H6|DA7H1H6|HA4D6H5|HA6D1H5|-1|0|1,1
AD7H3H5|DA7H4H6|HA3D4H2|HA5D6H2|-1|0|1,1
AD7H3H4|DA7H4H6|HA3D4H4|HA4D6H4|1|0|1,1
AD7H4H5|DA7H6H6|HA4D6H6|HA5D6H6|-1|0|1,1
AD4H2H3|DA4H1H2|HA2D2H2|HA3D1H2|1|0|1,1
AD4H2H3|DA4H2H4|HA2D2H4|HA3D4H4|-1|0|1,1
AD4H2H6|DA4H2H6|HA2D2H7|HA6D6H7|-1|0|1,1
AD4H1H2|DA4H2H6|HA1D6H4|HA2D2H4|1|0|1,1
AD4H3H3|DA4H1H4|HA3D1H3|HA3D4H3|1|0|1,1
AD4H3H6|DA4H1H6|HA3D1H6|HA6D6H6|1|0|1,1
AD4H1H3|DA4H1H6|HA1D6H5|HA3D1H5|-1|0|1,1
AD4H3H6|DA4H4H6|HA3D4H2|HA6D6H2|1|0|1,1
AD4H1H3|DA4H4H6|HA1D6H4|HA3D4H4|-1|0|1,1
AD4H1H6|DA4H6H6|HA1D6H6|HA6D6H6|-1|0|1,1
DH1H2H4|HD1H2H3|HD2H2H4|HD4H3H4|1|0|1,1
DH1H2H6|HD1H2H6|HD2H2H7|HD6H6H7|1|0|1,1
DH1H2H6|HD1H2H5|HD2H2H4|HD6H4H5|1|0|1,1
DH2H4H6|HD2H4H7|HD4H2H4|HD6H2H7|-1|0|1,1
DH2H4H6|HD2H4H4|HD4H4H4|HD6H4H4|1|0|1,1
DH2H6H6|HD2H4H7|HD6H4H6|HD6H6H7|-1|0|1,1
DH1H4H6|HD1H3H6|HD4H2H3|HD6H2H6|-1|0|1,1
DH1H4H6|HD1H3H5|HD4H3H4|HD6H4H5|-1|0|1,1
DH1H6H6|HD1H5H6|HD6H5H6|HD6H6H6|1|0|1,1
DH4H6H6|HD4H2H4|HD6H2H6|HD6H4H6|-1|0|1,1
AA10A4A6|AA10A4A9|AA4A6A6|AA4A6A9|-1|0|1,1
AA10A2A4|AA10A8A9|AA2A4A8|AA4A4A9|1|0|1,1
AA10A4H1|AA10A9H10|AA4A9H3|HA1A10A3|1|0|1,1
AA10A4H3|AA10A9H9|AA4A9H1|HA1A3A9|1|0|1,1
AA10A4H5|AA10A9H5|AA4A9H3|HA3A5A5|-1|0|1,1
AA10A4H7|AA10A9H5|AA4A9H5|HA5A5A7|-1|0|1,1
AA10A4H3|AA10A9H8|AA4A9H6|HA3A6A8|-1|0|1,1
AA10A2A6|AA10A4A8|AA2A4A8|AA4A4A6|-1|0|1,1
AA10A4H10|AA10A6H1|AA4A6H6|HA1A10A6|1|0|1,1
AA10A4H9|AA10A6H3|AA4A6H6|HA3A6A9|1|0|1,1
AA10A4H5|AA10A6H5|AA4A6H3|HA3A5A5|1|0|1,1
AA10A4H5|AA10A6H7|AA4A6H5|HA5A5A7|1|0|1,1
AA10A4H8|AA10A6H3|AA4A6H4|HA3A4A8|-1|0|1,1
AA10A2H1|AA10A8H10|AA2A8H2|HA1A10A2|1|0|1,1
AA10A2H3|AA10A8H9|AA2A8H3|HA3A3A9|1|0|1,1
AA10A2H5|AA10A8H5|AA2A8H3|HA3A5A5|1|0|1,1
AA10A2H7|AA10A8H5|AA2A8H6|HA5A6A7|1|0|1,1
AA10A2H3|AA10A8H8|AA2A8H1|HA1A3A8|-1|0|1,1
AA10H10H9|AA10H1H3|HA1A10H2|HA3A9H2|1|0|1,1
AA10H10H5|AA10H1H5|HA1A10H4|HA5A5H4|1|0|1,1
AA10H10H5|AA10H1H7|HA1A10H7|HA5A7H7|1|0|1,1
AA10H10H8|AA10H1H3|HA1A10H4|HA3A8H4|1|0|1,1
AA10H3H5|AA10H5H9|HA3A9H3|HA5A5H3|-1|0|1,1
AA10H3H7|AA10H5H9|HA3A9H6|HA5A7H6|-1|0|1,1
AA10H3H3|AA10H8H9|HA3A8H5|HA3A9H5|1|0|1,1
AA10H5H5|AA10H5H7|HA5A5H2|HA5A7H2|1|0|1,1
AA10H3H5|AA10H5H8|HA3A8H4|HA5A5H4|1|0|1,1
AA10H3H7|AA10H5H8|HA3A8H6|HA5A7H6|1|0|1,1
AA2A4A4|AA2A4A6|AA4A4A6|AA4A6A6|-1|0|1,1
AA4A6H1|AA4A6H3|AA6A6H6|HA1A3A6|-1|0|1,1
AA4A6H1|AA4A6H3|AA6A6H6|HA1A3A6|1|0|1,1
AA4A6H3|AA4A6H5|AA6A6H3|HA3A3A5|-1|0|1,1
AA4A6H5|AA4A6H7|AA6A6H5|HA5A5A7|-1|0|1,1
AA4A6H3|AA4A6H6|AA6A6H4|HA3A4A6|1|0|1,1
AA2A4H1|AA2A4H2|AA4A4H3|HA1A2A3|1|0|1,1
AA2A4H3|AA2A4H3|AA4A4H1|HA1A3A3|0|0|1,1
AA2A4H3|AA2A4H5|AA4A4H3|HA3A3A5|1|0|1,1
AA2A4H6|AA2A4H7|AA4A4H5|HA5A6A7|1|0|1,1
AA2A4H1|AA2A4H3|AA4A4H6|HA1A3A6|1|0|1,1
AA4H1H3|AA4H1H3|HA1A3H2|HA1A3H2|-9|0|1,1
AA4H1H5|AA4H3H3|HA1A3H4|HA3A5H4|-1|0|1,1
AA4H1H7|AA4H3H5|HA1A3H7|HA5A7H7|-1|0|1,1
AA4H1H3|AA4H3H6|HA1A3H4|HA3A6H4|1|0|1,1
AA4H1H3|AA4H3H5|HA1A3H3|HA3A5H3|-1|0|1,1
AA4H1H5|AA4H3H7|HA1A3H6|HA5A7H6|1|0|1,1
AA4H1H6|AA4H3H3|HA1A3H5|HA3A6H5|-1|0|1,1
AA4H3H5|AA4H5H7|HA3A5H2|HA5A7H2|-1|0|1,1
AA4H3H5|AA4H3H6|HA3A5H4|HA3A6H4|-1|0|1,1
AA4H3H7|AA4H5H6|HA3A6H6|HA5A7H6|1|0|1,1
AA2A4H2|AA2A6H1|AA4A6H6|HA1A2A6|1|0|1,1
AA2A4H3|AA2A6H3|AA4A6H6|HA3A3A6|1|0|1,1
AA2A4H3|AA2A6H5|AA4A6H3|HA3A3A5|1|0|1,1
AA2A4H6|AA2A6H7|AA4A6H5|HA5A6A7|1|0|1,1
AA2A4H1|AA2A6H3|AA4A6H4|HA1A3A4|-1|0|1,1
AA6H1H3|AA6H6H6|HA1A6H2|HA3A6H2|-1|0|1,2
AA6H1H5|AA6H3H6|HA1A6H4|HA3A5H4|-1|0|1,1
AA6H1H7|AA6H5H6|HA1A6H7|HA5A7H7|-1|0|1,1
AA6H1H3|AA6H4H6|HA1A6H4|HA3A4H4|-1|0|1,1
AA6H3H5|AA6H3H6|HA3A5H3|HA3A6H3|1|0|1,1
AA6H3H7|AA6H5H6|HA3A6H6|HA5A7H6|-1|0|1,1
AA6H3H3|AA6H4H6|HA3A4H5|HA3A6H5|1|0|1,1
AA6H3H5|AA6H5H7|HA3A5H2|HA5A7H2|1|0|1,1
AA6H3H4|AA6H3H5|HA3A4H4|HA3A5H4|-1|0|1,1
AA6H3H7|AA6H4H5|HA3A4H6|HA5A7H6|1|0|1,1
AA2H1H3|AA2H2H3|HA1A2H2|HA3A3H2|-1|0|1,1
AA2H1H5|AA2H2H3|HA1A2H4|HA3A5H4|-1|0|1,1
AA2H1H7|AA2H2H6|HA1A2H7|HA6A7H7|-1|0|1,1
AA2H1H2|AA2H1H3|HA1A2H4|HA1A3H4|1|0|1,1
AA2H3H3|AA2H3H5|HA3A3H3|HA3A5H3|1|0|1,1
AA2H3H6|AA2H3H7|HA3A3H6|HA6A7H6|1|0|1,1
AA2H1H3|AA2H3H3|HA1A3H5|HA3A3H5|-1|0|1,1
AA2H3H6|AA2H5H7|HA3A5H2|HA6A7H2|1|0|1,1
AA2H1H3|AA2H3H5|HA1A3H4|HA3A5H4|-1|0|1,1
AA2H1H6|AA2H3H7|HA1A3H6|HA6A7H6|-1|0|1,1
AH1H3H5|HA1H2H4|HA3H2H3|HA5H3H4|1|0|1,1
AH1H3H7|HA1H2H7|HA3H2H6|HA7H6H7|1|0|1,1
AH1H3H3|HA1H2H4|HA3H2H5|HA3H4H5|-1|0|1,1
AH1H5H7|HA1H4H7|HA5H2H4|HA7H2H7|1|0|1,1
AH1H3H5|HA1H4H4|HA3H4H4|HA5H4H4|1|0|1,1
AH1H3H7|HA1H4H7|HA3H4H6|HA7H6H7|1|0|1,1
AH3H5H7|HA3H3H6|HA5H2H3|HA7H2H6|1|0|1,1
AH3H3H5|HA3H3H5|HA3H4H5|HA5H3H4|1|0|1,1
AH3H3H7|HA3H5H6|HA3H5H6|HA7H6H6|0|0|1,1
AH3H5H7|HA3H4H6|HA5H2H4|HA7H2H6|-1|0|1,1
AA4A4A6|AA4A4A8|AA4A6A9|AA4A8A9|1|0|1,1
AA4A6H6|AA4A9H10|AA6A9H3|HA10A3A6|-1|0|1,1
AA4A6H6|AA4A9H9|AA6A9H1|HA1A6A9|-1|0|1,1
AA4A6H3|AA4A9H5|AA6A9H3|HA3A3A5|-1|0|1,1
AA4A6H5|AA4A9H5|AA6A9H5|HA5A5A5|-1|0|1,1
AA4A6H4|AA4A9H8|AA6A9H6|HA4A6A8|-1|0|1,1
AA4A8H2|AA4A9H3|AA8A9H10|HA10A2A3|-1|0|1,1
AA4A8H3|AA4A9H1|AA8A9H9|HA1A3A9|-1|0|1,1
AA4A8H3|AA4A9H3|AA8A9H5|HA3A3A5|1|0|1,1
AA4A8H6|AA4A9H5|AA8A9H5|HA5A5A6|1|0|1,1
AA4A8H1|AA4A9H6|AA8A9H8|HA1A6A8|1|0|1,1
AA9H10H9|AA9H1H3|HA10A3H2|HA1A9H2|-1|0|1,1
AA9H10H5|AA9H3H3|HA10A3H4|HA3A5H4|-1|0|1,1
AA9H10H5|AA9H3H5|HA10A3H7|HA5A5H7|-1|0|1,1
AA9H10H8|AA9H3H6|HA10A3H4|HA6A8H4|-1|0|1,1
AA9H1H3|AA9H5H9|HA1A9H3|HA3A5H3|1|0|1,1
AA9H1H5|AA9H5H9|HA1A9H6|HA5A5H6|1|0|1,1
AA9H1H6|AA9H8H9|HA1A9H5|HA6A8H5|1|0|1,1
AA9H3H5|AA9H5H5|HA3A5H2|HA5A5H2|1|0|1,1
AA9H3H6|AA9H5H8|HA3A5H4|HA6A8H4|-1|0|1,1
AA9H5H6|AA9H5H8|HA5A5H6|HA6A8H6|-1|0|1,1
AA4A4H6|AA4A8H10|AA4A8H2|HA10A2A6|1|0|1,1
AA4A4H6|AA4A8H3|AA4A8H9|HA3A6A9|-1|0|1,1
AA4A4H3|AA4A8H3|AA4A8H5|HA3A3A5|-1|0|1,1
AA4A4H5|AA4A8H5|AA4A8H6|HA5A5A6|1|0|1,1
AA4A4H4|AA4A8H1|AA4A8H8|HA1A4A8|1|0|1,1
AA4H10H9|AA4H6H6|HA10A6H2|HA6A9H2|-1|0|1,1
AA4H10H5|AA4H3H6|HA10A6H4|HA3A5H4|-1|0|1,1
AA4H10H5|AA4H5H6|HA10A6H7|HA5A5H7|1|0|1,1
AA4H10H8|AA4H4H6|HA10A6H4|HA4A8H4|1|0|1,1
AA4H3H6|AA4H5H9|HA3A5H3|HA6A9H3|1|0|1,1
AA4H5H6|AA4H5H9|HA5A5H6|HA6A9H6|1|0|1,1
AA4H4H6|AA4H8H9|HA4A8H5|HA6A9H5|1|0|1,1
AA4H3H5|AA4H5H5|HA3A5H2|HA5A5H2|-1|0|1,1
AA4H3H4|AA4H5H8|HA3A5H4|HA4A8H4|-1|0|1,1
AA4H4H5|AA4H5H8|HA4A8H6|HA5A5H6|1|0|1,1
AA8H10H9|AA8H2H3|HA10A2H2|HA3A9H2|1|0|1,1
AA8H10H5|AA8H2H3|HA10A2H4|HA3A5H4|1|0|1,1
AA8H10H5|AA8H2H6|HA10A2H7|HA5A6H7|1|0|1,1
AA8H10H8|AA8H1H2|HA10A2H4|HA1A8H4|-1|0|1,1
AA8H3H3|AA8H5H9|HA3A5H3|HA3A9H3|1|0|1,1
AA8H3H6|AA8H5H9|HA3A9H6|HA5A6H6|-1|0|1,1
AA8H1H3|AA8H8H9|HA1A8H5|HA3A9H5|-1|0|1,1
AA8H3H6|AA8H5H5|HA3A5H2|HA5A6H2|-1|0|1,1
AA8H1H3|AA8H5H8|HA1A8H4|HA3A5H4|1|0|1,1
AA8H1H6|AA8H5H8|HA1A8H6|HA5A6H6|1|0|1,1
AH10H5H9|HA10H2H4|HA5H3H4|HA9H2H3|-1|0|1,1
AH10H5H9|HA10H2H7|HA5H6H7|HA9H2H6|-1|0|1,1
AH10H8H9|HA10H2H4|HA8H4H5|HA9H2H5|-1|0|1,1
AH10H5H5|HA10H4H7|HA5H2H4|HA5H2H7|1|0|1,1
AH10H5H8|HA10H4H4|HA5H4H4|HA8H4H4|1|0|1,1
AH10H5H8|HA10H4H7|HA5H6H7|HA8H4H6|1|0|1,1
AH5H5H9|HA5H2H3|HA5H2H6|HA9H3H6|-1|0|1,1
AH5H8H9|HA5H3H4|HA8H4H5|HA9H3H5|1|0|1,1
AH5H8H9|HA5H6H6|HA8H5H6|HA9H5H6|1|0|1,1
AH5H5H8|HA5H2H4|HA5H2H6|HA8H4H6|1|0|1,1
AA4A4H2|AA4A6H3|AA4A6H6|HA2A3A6|-1|0|1,1
AA4A4H3|AA4A6H1|AA4A6H6|HA1A3A6|-1|0|1,1
AA4A4H3|AA4A6H3|AA4A6H3|HA3A3A3|0|0|1,1
AA4A4H6|AA4A6H5|AA4A6H5|HA5A5A6|0|0|1,1
AA4A4H1|AA4A6H4|AA4A6H6|HA1A4A6|-1|0|1,1
AA6H3H3|AA6H3H6|HA3A3H4|HA3A6H4|-1|0|1,1
AA6H3H5|AA6H5H6|HA3A6H7|HA5A5H7|1|0|1,1
AA6H3H6|AA6H4H6|HA3A6H4|HA4A6H4|1|0|1,1
AA6H1H3|AA6H3H6|HA1A6H3|HA3A3H3|1|0|1,1
AA6H1H5|AA6H5H6|HA1A6H6|HA5A5H6|1|0|1,1
AA6H1H6|AA6H4H6|HA1A6H5|HA4A6H5|1|0|1,1
AA6H3H5|AA6H3H5|HA3A3H2|HA5A5H2|0|0|1,1
AA6H3H4|AA6H3H6|HA3A3H4|HA4A6H4|1|0|1,1
AA6H4H5|AA6H5H6|HA4A6H6|HA5A5H6|-1|0|1,1
AA4H1H3|AA4H2H3|HA1A3H2|HA2A3H2|1|0|1,1
AA4H2H3|AA4H3H3|HA2A3H4|HA3A3H4|-1|0|1,1
AA4H2H6|AA4H3H5|HA2A3H7|HA5A6H7|-1|0|1,1
AA4H1H2|AA4H3H6|HA1A6H4|HA2A3H4|1|0|1,1
AA4H1H3|AA4H3H3|HA1A3H3|HA3A3H3|1|0|1,1
AA4H1H5|AA4H3H6|HA1A3H6|HA5A6H6|1|0|1,1
AA4H1H3|AA4H1H6|HA1A3H5|HA1A6H5|-1|0|1,1
AA4H3H5|AA4H3H6|HA3A3H2|HA5A6H2|-1|0|1,1
AA4H1H3|AA4H3H6|HA1A6H4|HA3A3H4|-1|0|1,1
AA4H1H6|AA4H5H6|HA1A6H6|HA5A6H6|1|0|1,1
AH1H3H3|HA1H2H3|HA3H2H4|HA3H3H4|1|0|1,1
AH1H3H5|HA1H2H6|HA3H2H7|HA5H6H7|1|0|1,1
AH1H3H6|HA1H2H5|HA3H2H4|HA6H4H5|1|0|1,1
AH3H3H5|HA3H2H4|HA3H4H7|HA5H2H7|1|0|1,1
AH3H3H6|HA3H4H4|HA3H4H4|HA6H4H4|0|0|1,1
AH3H5H6|HA3H4H7|HA5H6H7|HA6H4H6|1|0|1,1
AH1H3H5|HA1H3H6|HA3H2H3|HA5H2H6|-1|0|1,1
AH1H3H6|HA1H3H5|HA3H3H4|HA6H4H5|1|0|1,1
AH1H5H6|HA1H5H6|HA5H6H6|HA6H5H6|1|0|1,1
AH3H5H6|HA3H2H4|HA5H2H6|HA6H4H6|-1|0|1,1
AA4H2H3|AA4H6H6|HA2A6H2|HA3A6H2|-1|0|1,1
AA4H2H3|AA4H3H6|HA2A6H4|HA3A3H4|-1|0|1,1
AA4H2H6|AA4H5H6|HA2A6H7|HA5A6H7|-1|0|1,1
AA4H1H2|AA4H4H6|HA1A4H4|HA2A6H4|-1|0|1,1
AA4H3H3|AA4H3H6|HA3A3H3|HA3A6H3|1|0|1,1
AA4H3H6|AA4H5H6|HA3A6H6|HA5A6H6|-1|0|1,1
AA4H1H3|AA4H4H6|HA1A4H5|HA3A6H5|-1|0|1,1
AA4H3H5|AA4H3H6|HA3A3H2|HA5A6H2|1|0|1,1
AA4H1H3|AA4H3H4|HA1A4H4|HA3A3H4|1|0|1,1
AA4H1H6|AA4H4H5|HA1A4H6|HA5A6H6|1|0|1,1
AH3H6H6|HA3H3H4|HA6H2H3|HA6H2H4|-1|0|1,1
AH5H6H6|HA5H6H7|HA6H2H6|HA6H2H7|-1|0|1,1
AH4H6H6|HA4H4H5|HA6H2H4|HA6H2H5|1|0|1,1
AH3H5H6|HA3H2H4|HA5H2H7|HA6H4H7|1|0|1,1
AH3H4H6|HA3H4H4|HA4H4H4|HA6H4H4|1|0|1,1
AH4H5H6|HA4H4H6|HA5H6H7|HA6H4H7|-1|0|1,1
AH3H5H6|HA3H2H3|HA5H2H6|HA6H3H6|-1|0|1,1
AH3H4H6|HA3H3H4|HA4H4H5|HA6H3H5|1|0|1,1
AH4H5H6|HA4H5H6|HA5H6H6|HA6H5H6|-1|0|1,1
AH3H4H5|HA3H2H4|HA4H4H6|HA5H2H6|-1|0|1,1
AH2H3H3|HA2H2H4|HA3H2H3|HA3H3H4|1|0|1,1
AH2H3H6|HA2H2H7|HA3H2H6|HA6H6H7|1|0|1,1
AH1H2H3|HA1H4H5|HA2H2H4|HA3H2H5|1|0|1,1
AH2H3H6|HA2H4H7|HA3H2H4|HA6H2H7|1|0|1,1
AH1H2H3|HA1H4H4|HA2H4H4|HA3H4H4|1|0|1,1
AH1H2H6|HA1H4H6|HA2H4H7|HA6H6H7|1|0|1,1
AH3H3H6|HA3H2H3|HA3H3H6|HA6H2H6|-1|0|1,1
AH1H3H3|HA1H4H5|HA3H3H4|HA3H3H5|-1|0|1,1
AH1H3H6|HA1H5H6|HA3H5H6|HA6H6H6|1|0|1,1
AH1H3H6|HA1H4H6|HA3H2H4|HA6H2H6|-1|0|1,1
HH2H3H4|HH2H3H6|HH2H4H7|HH2H6H7|-1|0|1,1
HH2H3H5|HH2H4H4|HH3H4H4|HH4H4H5|1|0|1,1
HH2H4H7|HH2H5H6|HH4H5H6|HH6H6H7|1|0|1,1
HH2H4H4|HH2H6H7|HH4H4H6|HH4H4H7|1|0|1,1
HH2H3H4|HH2H6H6|HH3H5H6|HH4H5H6|-1|0|1,1
